{
  "Author": "ThatOneKid",
  "Compatibility": "Compatible",
  "DefuserDifficulty": "VeryEasy",
  "Description": "Go to the right contest. Tags: Inanimate-Object-Show, math, buttons",
  "ExpertDifficulty": "Easy",
  "ModuleID": "YTJellify",
  "Name": "ContestIDs",
  "Origin": "Mods",
  "Published": "2022-02-13",
  "SortKey": "JACKNJELLIFY",
  "SourceUrl": "https://github.com/Kbushra/ktaneContestIDs",
  "Souvenir": { "Status": "NotACandidate" },
  "SteamID": "2752754165",
  "Symbol": "CnID",
  "Type": "Regular"
}